name,email,password,divisi,role
"Ir. Padma Puspita, S.Pt",pranawa96@gmail.com,)^4Fau8jEN,Cyber Security,ADMIN
R.A. Diana Uyainah,maya45@gmail.com,c#BwHsPE!5,Web Development,USER
"T. Prasetya Hutasoit, M.Farm",pratamaradit@gmail.com,%Sg$3Rb797,ITNSA,ADMIN
R. Kasiyah Marbun,eka00@gmail.com,Tz04Fdkyg+,Web Development,USER
Karsana Prabowo,sitorussaiful@gmail.com,W9W76VteC(,ITNSA,USER
"Bella Purnawati, M.Farm",putri09@gmail.com,lr$fAMmf&3,Web Development,USER
Ega Hardiansyah,yhabibi@gmail.com,LK)#+6JgDe,Web Development,USER
"T. Irfan Sinaga, M.Ak",suryonomursinin@gmail.com,O1PQRmOk^s,Cyber Security,USER
Balidin Hutasoit,rahimahteddy@gmail.com,)w2VOLAdc#,ITNSA,ADMIN
"Mila Hidayanto, M.Ak",edisonhidayanto@gmail.com,$_3^C8Ok0&,ITNSA,ADMIN
Dwi Wibisono,adinata68@gmail.com,!GM7GCpa(M,Cyber Security,ADMIN
Ade Sirait,pratiwimala@gmail.com,m)2JpajOa1,ITNSA,ADMIN
"R.M. Harsana Saptono, S.Gz",usiregar@gmail.com,SnUJHqYm!2,ITNSA,ADMIN
"Zulaikha Nurdiyanti, S.E.I",mumpuni54@gmail.com,&0SQoa@uj&,Web Development,ADMIN
KH. Harjo Habibi,mustofafirmansyah@gmail.com,fJ6R1_gj%!,Web Development,USER
"Sutan Koko Suwarno, S.I.Kom",puti61@gmail.com,)3LJz9C#_7,Cyber Security,ADMIN
Ir. Citra Wijayanti,pkuswoyo@gmail.com,#Wl8SbPs80,Web Development,USER
R.A. Rahmi Fujiati,winarsihghani@gmail.com,^YQi@H795p,Web Development,ADMIN
Cut Najwa Haryanto,suci46@gmail.com,8S!F(wyv&Q,Web Development,USER
"Dr. Elisa Santoso, M.Ak",indra81@gmail.com,axW6Gcs4%Z,ITNSA,ADMIN
Lintang Saragih,ella44@gmail.com,+5cD^RXnMK,Cyber Security,USER
"Bella Nasyiah, S.T.",umar71@gmail.com,*SM1bIiL%1,Web Development,USER
Kiandra Laksita,hutasoitkambali@gmail.com,PsMtgohz$6,ITNSA,ADMIN
Ika Dabukke,psihotang@gmail.com,Qm#C6U7oJ7,Web Development,ADMIN
Tira Yuliarti,sakurasitompul@gmail.com,)*QT1g*p4z,Cyber Security,USER
"Puti Agustina, M.Ak",hidayantounjani@gmail.com,Ea9+_%Dm^3,ITNSA,ADMIN
Mitra Yuliarti,keishawibowo@gmail.com,S&qD#La8sL,Web Development,ADMIN
Zulaikha Nuraini,tampubolongambira@gmail.com,&7fHt_D8pR,ITNSA,USER
Rahayu Mayasari,winarnoulva@gmail.com,$*0IM$MtDt,Cyber Security,ADMIN
Vanya Simbolon,hnarpati@gmail.com,x56GTQzG_U,Web Development,USER
Humaira Wacana,lailasariibrahim@gmail.com,#8fKdk3YLi,Cyber Security,USER
"Anggabaya Permata, S.IP",pradiptayusuf@gmail.com,^r1PXQw16M,Web Development,ADMIN
"dr. Fitriani Permata, S.Pt",raharjaanggraini@gmail.com,^79NeM135N,Web Development,USER
Reksa Pradipta,lala48@gmail.com,)PLSYccyW8,Web Development,ADMIN
Prayogo Waskita,rangga26@gmail.com,^K!6rDgn&Q,Web Development,ADMIN
Prayoga Rajata,wadilestari@gmail.com,K6L%wl$C*&,ITNSA,ADMIN
Empluk Zulkarnain,prabowobanawa@gmail.com,&_Q7iAb@hH,Web Development,USER
"Tasdik Maryadi, S.T.",wasitaluhung@gmail.com,^6PYcUDpA4,Web Development,USER
"Kurnia Winarsih, S.Gz",galionosantoso@gmail.com,&z51FkOt0y,ITNSA,USER
Hj. Suci Nurdiyanti,ksiregar@gmail.com,Sux86CQy*9,Web Development,ADMIN
Putu Permata,nabila80@gmail.com,0q6Rg+tu@h,ITNSA,USER
Maida Hastuti,uyainahnasrullah@gmail.com,nC15AKclK+,Web Development,USER
dr. Ella Sihotang,nurdiyantijumari@gmail.com,%39)qZgzwM,ITNSA,ADMIN
"R. Jumadi Mahendra, S.Sos",donosimbolon@gmail.com,eA4zTe2M#9,ITNSA,ADMIN
Sutan Bakijan Prasasta,vwidiastuti@gmail.com,++t44K*x(9,Web Development,ADMIN
"Galih Pudjiastuti, S.IP",mahesa60@gmail.com,&I@8lEx5_P,Cyber Security,USER
"Prayogo Wulandari, S.E.",fdamanik@gmail.com,ss4FnVx*b+,Cyber Security,ADMIN
Salimah Melani,usantoso@gmail.com,$PX90c1o6o,Web Development,USER
Soleh Nashiruddin,purwantomanullang@gmail.com,_88PiVaxGq,Web Development,USER
"Oliva Wacana, S.Pd",firgantorobakiman@gmail.com,(c$*DsC0h1,Cyber Security,ADMIN
Viktor Padmasari,khakim@gmail.com,^wF5qDxC82,ITNSA,USER
Martaka Haryanto,rpurwanti@gmail.com,Q*d5FnmHgT,Cyber Security,ADMIN
Prayitna Pratiwi,zastuti@gmail.com,7rxh*5V76@,Web Development,USER
Nilam Kusumo,aurora16@gmail.com,ILOo%6AkU0,ITNSA,ADMIN
"Jabal Wasita, S.Pd",egawulandari@gmail.com,#0tLBUF22r,ITNSA,USER
Najwa Laksita,raditya24@gmail.com,I$9UpFv&#m,Cyber Security,ADMIN
Zelda Prasetya,balangga23@gmail.com,(6C0VMk(Kj,Web Development,ADMIN
Drs. Wani Utama,mulyonorahimah@gmail.com,_5OZ5HiIkg,Web Development,ADMIN
Darmaji Lestari,lestarimumpuni@gmail.com,Ks4X%Lhv^#,ITNSA,USER
"KH. Ikhsan Sihombing, M.Kom.",harjayalatupono@gmail.com,(snadaRw0R,ITNSA,USER
Maida Lestari,emong80@gmail.com,^9oYC_nuWs,Web Development,ADMIN
Hasna Dabukke,ssaptono@gmail.com,g+k67NhE6A,Cyber Security,USER
Danuja Putra,patriciahassanah@gmail.com,#UZR6dnQD8,Web Development,ADMIN
Hafshah Lestari,eprastuti@gmail.com,ER6q$BCf_e,Cyber Security,ADMIN
"Daru Oktaviani, S.H.",praba95@gmail.com,@7Rjvd*c!),Cyber Security,ADMIN
Endah Hidayat,emulyani@gmail.com,!POAAAJi*0,ITNSA,ADMIN
"T. Ozy Halimah, S.Farm",hamimahabibi@gmail.com,^YRFen5cd8,Cyber Security,ADMIN
Nabila Siregar,kiandraramadan@gmail.com,2(XzDb0Z%^,Web Development,USER
"Panca Mulyani, S.Gz",dongoranasmuni@gmail.com,!Mh7xJd4AA,Web Development,ADMIN
Lega Rajata,maria68@gmail.com,_b4xY^ks$+,ITNSA,USER
dr. Gasti Gunawan,samosirluluh@gmail.com,Ln+Oc5JuQ^,ITNSA,USER
Kurnia Wulandari,yuliantialmira@gmail.com,Udua7AGwu#,Cyber Security,USER
"Devi Mansur, S.Pt",pranawawidiastuti@gmail.com,$wJjfAngH7,Cyber Security,USER
Tantri Hutapea,laila36@gmail.com,btpqB$Wy_0,ITNSA,USER
Gambira Sihombing,fsuwarno@gmail.com,76_1Ax2bM+,Cyber Security,USER
Bakiadi Samosir,bahuraksa19@gmail.com,#JJSG!#u0x,ITNSA,ADMIN
dr. Maida Kusmawati,narpatiajimin@gmail.com,*xQ4vR(rFl,Cyber Security,USER
Mila Sirait,gmangunsong@gmail.com,Ce(9uMkbf!,Cyber Security,ADMIN
Rini Saragih,daliman16@gmail.com,lW0bEJHy!+,ITNSA,USER
"Paulin Rahayu, M.Ak",paiman94@gmail.com,!%9+Zoq$iP,ITNSA,ADMIN
Ira Haryanti,yuniarartanto@gmail.com,3*4CAgyDLE,Web Development,ADMIN
Pia Kusmawati,nurainimila@gmail.com,*o+1K7dWrH,ITNSA,ADMIN
Sutan Hairyanto Latupono,jayeng48@gmail.com,)6UehEDDhq,Web Development,ADMIN
dr. Latika Prastuti,vyolanda@gmail.com,9DT4RAt5*e,Web Development,ADMIN
Carla Januar,hnurdiyanti@gmail.com,_KMcX9Smt9,Cyber Security,ADMIN
Nardi Sihombing,parmanastuti@gmail.com,x_W1(qZu7!,Cyber Security,USER
Sutan Hardi Nababan,lulutirawan@gmail.com,jq9eCMvE!#,Web Development,USER
Ir. Rahmi Wijaya,oskararyani@gmail.com,&V#)9GtW8v,Web Development,ADMIN
Gaduh Haryanto,nurdiyantipandu@gmail.com,6f+nN)fB&&,ITNSA,ADMIN
"Syahrini Prastuti, S.Psi",xusamah@gmail.com,#7&_D#Styx,Web Development,ADMIN
Dacin Mansur,anggriawanjessica@gmail.com,)OYvPoPsx6,Cyber Security,USER
"Lala Halim, S.Psi",qpranowo@gmail.com,ds)2KkkL_I,Cyber Security,USER
"R.M. Hartana Hutapea, M.Pd",dprasetya@gmail.com,(42UgccxPl,ITNSA,USER
Vicky Hassanah,irsad27@gmail.com,psZ6Fd(v!u,ITNSA,ADMIN
"Oliva Hidayanto, S.Farm",rmaryati@gmail.com,@r^n87Lz*N,ITNSA,USER
Harimurti Kusumo,flaksmiwati@gmail.com,mSvUTnw1$1,Cyber Security,ADMIN
Drs. Upik Firmansyah,murtisihombing@gmail.com,&FE*p0wu83,Cyber Security,ADMIN
"Puti Ilsa Maheswara, S.Ked",kamariaardianto@gmail.com,&M8PKz(ooh,Cyber Security,USER
Anggabaya Najmudin,maulanatania@gmail.com,+WH$ms6c5O,Web Development,USER
Olga Simanjuntak,putri41@gmail.com,$6D1Bqo3O$,ITNSA,USER
Zaenab Dabukke,dabukkeibrani@gmail.com,kE(qg1Qfhk,Cyber Security,USER
"H. Radit Sirait, S.Kom",firgantorodirja@gmail.com,w)fV1hVbv_,Web Development,USER
Nadia Habibi,banawiputra@gmail.com,gS%)4Lb5rG,ITNSA,USER
"Dr. Widya Sitompul, M.TI.",tastuti@gmail.com,0CUuv$O1)j,Cyber Security,USER
Febi Hakim,caket80@gmail.com,m_LGm4Wk_8,ITNSA,ADMIN
Tiara Januar,pudjiastutieva@gmail.com,z_7uQ$JmF4,Cyber Security,USER
Dimas Marbun,violetnababan@gmail.com,8UvCWF8t!0,Web Development,USER
Dinda Sinaga,twahyudin@gmail.com,Kv%2MFr26T,Web Development,ADMIN
Ir. Ian Budiman,uiswahyudi@gmail.com,!HoFiO2C@7,Cyber Security,ADMIN
"Harsaya Sihotang, M.M.",tasnimpradana@gmail.com,8ZMV6iVg&o,Web Development,USER
Drs. Ella Rajasa,ikhsan29@gmail.com,myfs9A8!6+,ITNSA,USER
"Wani Mustofa, S.Sos",dacin11@gmail.com,5PXH(xso)X,Web Development,ADMIN
Utama Rajata,nurainitaufan@gmail.com,!)zr5CnsaR,ITNSA,USER
Jinawi Damanik,ssafitri@gmail.com,*f*MwonQP9,Web Development,ADMIN
Harja Rahimah,mujursuartini@gmail.com,A_Bm7L(tcz,Web Development,USER
Puspa Suartini,kala16@gmail.com,((J9Z$#zFc,Cyber Security,USER
Mila Pratiwi,xsetiawan@gmail.com,G(1_BoVO^R,Web Development,USER
Cut Tiara Hastuti,imaryadi@gmail.com,6e84BEpM(k,ITNSA,USER
Cahyadi Tarihoran,indralaksmiwati@gmail.com,*zSDuB7_9x,Web Development,USER
"Hj. Olivia Januar, M.Kom.",nadiakurniawan@gmail.com,&MfVZJRuf8,Cyber Security,USER
"Gaduh Saputra, S.Pt",jwacana@gmail.com,$jHC0l3)C5,ITNSA,ADMIN
Nilam Prastuti,eharyanto@gmail.com,G$&c7Vyul8,Cyber Security,ADMIN
Sabri Najmudin,ynasyiah@gmail.com,3b$2XoPdgL,Web Development,ADMIN
Muni Puspita,gilang94@gmail.com,+0U_IBdm9D,Cyber Security,USER
Jelita Wibowo,saka94@gmail.com,&2t@m8auA7,Cyber Security,USER
Oliva Jailani,radensaptono@gmail.com,N*5wYfXgpq,ITNSA,ADMIN
Raina Laksmiwati,laksana74@gmail.com,6___4&0dvC,Web Development,ADMIN
Carla Riyanti,tri01@gmail.com,)*8Bm7lc@6,ITNSA,USER
"Eka Wahyudin, S.Pt",okusmawati@gmail.com,tmy&4CurdC,ITNSA,USER
Rizki Lailasari,tugimannajmudin@gmail.com,%4CcrXhtXL,Cyber Security,USER
"Ir. Carla Saptono, S.H.",andrianikezia@gmail.com,*AF+4EnUqB,ITNSA,ADMIN
Dr. Mariadi Latupono,fandriani@gmail.com,@!rvXD(qj0,Web Development,USER
Lasmono Gunarto,ulva06@gmail.com,)$l4ZwY4IV,ITNSA,USER
Zamira Suryatmi,larashidayanto@gmail.com,8%74jLcXYX,Cyber Security,ADMIN
Anita Samosir,sinagajefri@gmail.com,s8RE@puK##,ITNSA,ADMIN
"Dian Pranowo, S.Kom",karen11@gmail.com,z4_cZVu*_1,Web Development,USER
dr. Oliva Haryanto,gaduhpermadi@gmail.com,(JW)KRsj05,ITNSA,ADMIN
Shakila Kurniawan,ogunawan@gmail.com,#RhJPoM@6A,ITNSA,ADMIN
"Puti Zahra Siregar, M.Farm",pratamavanesa@gmail.com,9RSUUI%k+X,ITNSA,ADMIN
"KH. Lulut Maheswara, M.Kom.",catur42@gmail.com,$00KsP8oyL,Web Development,USER
Kardi Maryadi,rkuswoyo@gmail.com,$!GBH2TtG9,Web Development,USER
Kayun Sihotang,purwadi33@gmail.com,s6ikNuIQ*I,Cyber Security,USER
"Drs. Karen Novitasari, S.Ked",bajragin27@gmail.com,&jY2A@oJA!,Web Development,ADMIN
Paiman Susanti,darukuswandari@gmail.com,88HQ3AbS#M,Web Development,USER
Devi Simanjuntak,elliskusmawati@gmail.com,G+5Ake0rHD,ITNSA,ADMIN
"Yunita Rahimah, M.Pd",sihombingtimbul@gmail.com,$&LVN%mI2g,Cyber Security,ADMIN
Hartaka Winarsih,fathonahprasetyo@gmail.com,3)1PZqw5Hy,Web Development,ADMIN
Garda Nuraini,safitrigawati@gmail.com,ER)7l$Ve_),ITNSA,USER
"Puti Zamira Lestari, S.T.",iswahyudileo@gmail.com,qsno2EFlR_,ITNSA,USER
Bagiya Budiyanto,artantopertiwi@gmail.com,!9aJIRoO9u,Web Development,ADMIN
Gina Irawan,nnuraini@gmail.com,HT)7I%b$_(,Web Development,ADMIN
Paris Padmasari,phasanah@gmail.com,!)4aMRQrlN,ITNSA,USER
Jarwa Nababan,ykusmawati@gmail.com,l*z99T2k3O,ITNSA,ADMIN
Dr. Eka Tarihoran,jasmintarihoran@gmail.com,P(2RJ7Txjc,ITNSA,ADMIN
Tirtayasa Pudjiastuti,queen09@gmail.com,u1lMJIOt%d,ITNSA,USER
Drajat Palastri,zizinovitasari@gmail.com,Ty26Au&H&v,Cyber Security,USER
Tgk. Kamidin Puspasari,suwarnolaksana@gmail.com,&Ui4QjqFVP,Cyber Security,USER
Elvin Mandala,tomiwijayanti@gmail.com,2#D%RBMo*H,Web Development,ADMIN
Wulan Mangunsong,cahyonoprasetya@gmail.com,$zZ)+^mN9O,ITNSA,USER
Jefri Firmansyah,bakijan76@gmail.com,sU0G7Rfw%h,Cyber Security,ADMIN
Kamal Firmansyah,ridwanmayasari@gmail.com,erMtkh+P^8,Cyber Security,USER
Dr. Cayadi Ramadan,yardianto@gmail.com,cPvO4NfW^8,Cyber Security,ADMIN
"R.A. Salsabila Wibowo, S.E.",waluyoprayogo@gmail.com,2MU^Iqte$W,Cyber Security,ADMIN
Eka Sitorus,warsitajanuar@gmail.com,SFfIghZq_3,Cyber Security,USER
Ulva Pradana,wijayantiharsaya@gmail.com,gP4rPLrB0),Cyber Security,ADMIN
Bella Halimah,elvinhabibi@gmail.com,oW&7XDAc&U,ITNSA,ADMIN
Ilyas Prakasa,banara55@gmail.com,I#5vK36ggJ,Web Development,USER
"Rama Yolanda, S.Ked",canggraini@gmail.com,)7z7Og(k6k,ITNSA,USER
"Hj. Anastasia Thamrin, S.IP",miswahyudi@gmail.com,)b5gIPMs%z,Web Development,ADMIN
Candra Narpati,jaswadi88@gmail.com,SJ7dHeKh%i,Cyber Security,USER
Cut Mutia Saragih,kusmawatimargana@gmail.com,!2vIyBa^c&,Cyber Security,USER
Anastasia Nasyiah,intanpadmasari@gmail.com,74Bd*%K$@x,ITNSA,ADMIN
dr. Paris Damanik,znainggolan@gmail.com,%^oiNFRb%5,Cyber Security,USER
Salimah Zulaika,jprasasta@gmail.com,8L6Wov9x!w,ITNSA,ADMIN
Kawaya Hassanah,yuliantigading@gmail.com,E57_45UbfT,Web Development,ADMIN
"drg. Warta Wahyudin, M.Ak",maryadiluhung@gmail.com,@QFWSI9e5O,Web Development,USER
Kala Suartini,swibowo@gmail.com,^Wsp0&Vt52,ITNSA,ADMIN
"Ami Wacana, M.Farm",imustofa@gmail.com,i$7vSey+Im,Web Development,USER
Galar Haryanto,hartatiiriana@gmail.com,)yZ#xSOio6,Cyber Security,ADMIN
"dr. Jaswadi Maulana, M.Kom.",simbolonasmuni@gmail.com,Fs2DOTbX!U,Cyber Security,ADMIN
Tina Prasetya,khariyah@gmail.com,+fTe)%RYL4,Cyber Security,USER
Digdaya Megantara,uminuraini@gmail.com,ClB1OyqG+1,ITNSA,USER
"Sutan Ian Wahyuni, M.Pd",ramadancahyanto@gmail.com,IHM81QfuV&,Web Development,USER
Baktianto Samosir,lwibowo@gmail.com,#7FpxXq__z,Web Development,USER
Adika Hastuti,nasyidahgaliono@gmail.com,+l62NNy6MS,ITNSA,ADMIN
Elisa Nuraini,vsaputra@gmail.com,bM6bCBak#j,Web Development,USER
Wadi Purnawati,yessiusamah@gmail.com,%#HZS%Ab+4,Web Development,USER
Oskar Laksmiwati,lalitawasita@gmail.com,#y2XZgko)a,Web Development,USER
Umay Wahyuni,hilda10@gmail.com,R8!4R%a6cy,ITNSA,ADMIN
"Tedi Pradipta, S.Sos",wira12@gmail.com,%0C2IVn6&b,Web Development,ADMIN
Ophelia Rajasa,maulanaprabu@gmail.com,*9kzJqLM%q,Cyber Security,USER
dr. Hafshah Suryono,putraharsanto@gmail.com,&)75GImnG^,Cyber Security,ADMIN
"Ir. Alika Marbun, S.E.I",purwantileo@gmail.com,Y3H1Gxqi@f,Web Development,ADMIN
"R.A. Kani Prasasta, S.Pt",perkasa59@gmail.com,q7UlZ#ur$6,ITNSA,ADMIN
"Maida Waskita, S.I.Kom",asman50@gmail.com,@y7V9w&*bJ,Cyber Security,ADMIN
Kayla Lestari,pmaulana@gmail.com,dFXMJNAu%5,Cyber Security,ADMIN
Irma Mayasari,jthamrin@gmail.com,&%Czc)qaf8,Web Development,ADMIN
Dr. Wirda Mansur,purwantowulandari@gmail.com,%&5&eGLgl@,Web Development,ADMIN
"T. Estiono Sinaga, M.M.",wawan11@gmail.com,4g_8HlW(_O,Cyber Security,ADMIN
Uli Waluyo,sudiatihamima@gmail.com,P2TCs!cJ#I,Web Development,USER
"drg. Saiful Handayani, S.Pd",tampubolontomi@gmail.com,!JdkG0OfGV,Cyber Security,USER
Dewi Nuraini,samosircinthia@gmail.com,_qBs&uxn^8,Web Development,USER
Mumpuni Mandala,rika54@gmail.com,Y_a2w*eL5Y,ITNSA,ADMIN
Gabriella Siregar,mulyasiregar@gmail.com,(9K1R7iIWa,ITNSA,ADMIN
Elvina Firmansyah,anggrainibakda@gmail.com,Q1qipX@z%V,Cyber Security,USER
Virman Prayoga,nugrohoaisyah@gmail.com,8dm8UWqFA(,Web Development,ADMIN
T. Muni Putra,aandriani@gmail.com,w0ZbYuLZ@t,Web Development,USER
"Siska Megantara, S.IP",rafi18@gmail.com,!XqqsAgf8d,Cyber Security,ADMIN
"Tgk. Harjaya Rahayu, S.E.I",kawacauwais@gmail.com,Z1E5$(av+N,ITNSA,USER
Dt. Bagus Handayani,nababanpuji@gmail.com,7VIlCiGh%a,Web Development,USER
Diana Nasyiah,asuryatmi@gmail.com,NW_5ulKb^4,ITNSA,ADMIN
Tri Puspasari,tiara51@gmail.com,)1dyaQ(t+m,ITNSA,USER
"Drs. Ifa Saptono, M.M.",twahyuni@gmail.com,@L4Sqy9q&),Cyber Security,USER
"Ir. Irnanto Siregar, S.Psi",damar38@gmail.com,^YSJFf7)+3,Cyber Security,USER
Putri Maulana,marsuditarihoran@gmail.com,Ud%6Cy*E+*,Web Development,USER
Drs. Warta Yulianti,ikin87@gmail.com,Vu+Tw2CeKP,Web Development,USER
drg. Karna Novitasari,saptonocawisono@gmail.com,s6OYyGO3!o,Web Development,USER
"Raden Tamba, S.Pt",gamblang61@gmail.com,93Wmrs(W&m,Web Development,ADMIN
"R. Elisa Riyanti, M.Pd",thamrinbanara@gmail.com,S@8wBe9z0i,Web Development,ADMIN
"Sutan Jumari Prayoga, S.Pd",waluyopuspita@gmail.com,i%1HJeocfa,Web Development,ADMIN
Lalita Astuti,maulanakusuma@gmail.com,u+F9yEzhRD,Web Development,ADMIN
Restu Kusmawati,rajatajuli@gmail.com,k+%8YUnk$l,ITNSA,ADMIN
Mulyanto Siregar,prabowofarida@gmail.com,J*80FRsiHo,Web Development,ADMIN
Lamar Wibisono,bakda12@gmail.com,$5YTp$pgrI,ITNSA,ADMIN
"Shakila Mandasari, S.E.I",mansurrafi@gmail.com,eM%4HiXoh*,ITNSA,USER
Kayla Mayasari,elvinsuartini@gmail.com,A($F9YGyaS,ITNSA,USER
"Laras Wahyuni, S.H.",haryantoikin@gmail.com,nI*8Q$Yau$,Cyber Security,USER
Dr. Hamima Kusmawati,jailaninabila@gmail.com,#W4+5N+88c,ITNSA,ADMIN
"Salwa Halimah, M.Kom.",gildasitorus@gmail.com,^0ANswqJ#E,ITNSA,ADMIN
Adinata Putra,rhariyah@gmail.com,^SRr*mjl37,Web Development,USER
Warji Pratiwi,editarihoran@gmail.com,&aCHoX3hd9,Cyber Security,USER
"drg. Mila Megantara, M.Pd",mwaluyo@gmail.com,#5D+wgHv#0,Web Development,USER
R.A. Silvia Gunarto,elvinmahendra@gmail.com,&0OgaI6juo,Cyber Security,USER
"Unggul Kuswandari, M.Kom.",tprayoga@gmail.com,XJnC3aTz_#,Cyber Security,ADMIN
Jaya Halimah,thutagalung@gmail.com,@eGeaB8qI3,Cyber Security,ADMIN
Prayitna Novitasari,hakimluthfi@gmail.com,8w3@Py)e+K,Web Development,ADMIN
Tiara Iswahyudi,carla94@gmail.com,*1LF&nym&P,ITNSA,USER
Aisyah Laksita,gsimbolon@gmail.com,$F2pnWGj+a,Cyber Security,USER
"Puti Eka Jailani, M.Kom.",sihombingoskar@gmail.com,VwV3(C&X!8,Web Development,ADMIN
Sutan Gara Waluyo,pertiwianastasia@gmail.com,4#QCo76X^3,Web Development,ADMIN
"Ir. Banawa Tampubolon, M.TI.",jamal78@gmail.com,gG0UsQNr3#,ITNSA,ADMIN
"Tgk. Safina Budiman, S.E.I",irnanto93@gmail.com,cfDA!fbe^6,Cyber Security,USER
H. Arsipatra Irawan,uyainahlintang@gmail.com,a&9c!Kv)6V,ITNSA,USER
Jati Hasanah,panduwijaya@gmail.com,q7A5gY4q$9,Cyber Security,ADMIN
dr. Luwar Hidayat,gsihotang@gmail.com,2@7VJv#&&^,Cyber Security,ADMIN
Yance Astuti,unjanisafitri@gmail.com,)s$N2TWiEh,ITNSA,USER
Usyi Wahyudin,restuhardiansyah@gmail.com,&v09UponUV,Web Development,ADMIN
"Tgk. Nasim Rahimah, S.Pt",kwibowo@gmail.com,gQ1KguRb+8,ITNSA,ADMIN
Danuja Ramadan,kuntharauwais@gmail.com,0Gra&7Db8l,ITNSA,USER
Syahrini Sihotang,spurwanti@gmail.com,#H&c1ROlrG,ITNSA,ADMIN
R.M. Harto Oktaviani,wahyudinkamila@gmail.com,+UH_hWIqF9,Web Development,USER
Salimah Farida,tkurniawan@gmail.com,1dK(4SFjm0,ITNSA,ADMIN
"Tgk. Bakidin Hakim, S.Pt",fitriani32@gmail.com,RFzY2*lr^#,ITNSA,USER
Ade Padmasari,bagya41@gmail.com,CKO*6Tu(Pw,ITNSA,USER
Sadina Wijayanti,saefullahtania@gmail.com,A)6H(_jbC*,Web Development,ADMIN
"H. Latif Putra, M.Farm",faridagalar@gmail.com,%lUBBIqK8F,Cyber Security,ADMIN
Cinthia Hidayat,chelsea16@gmail.com,)LZ9QC+m!d,Web Development,ADMIN
"drg. Lulut Saptono, S.Kom",novimanullang@gmail.com,B$9H3zgzC+,ITNSA,USER
"R.A. Endah Kurniawan, S.Kom",fsaptono@gmail.com,Cm+4AX9lnC,Web Development,ADMIN
"Cinta Wibisono, S.E.",gprastuti@gmail.com,+1@KtHoB*#,Web Development,USER
Talia Sihombing,zhutagalung@gmail.com,QM(4GelyP@,Cyber Security,ADMIN
"Jaka Halimah, S.E.",ifirmansyah@gmail.com,+!c2PBMv6u,ITNSA,USER
Raden Handayani,wardianto@gmail.com,R*RtNuJm@0,Web Development,USER
Okta Nurdiyanti,safina80@gmail.com,&W+hURRn8Q,Cyber Security,USER
Sakura Zulaika,kamalpratama@gmail.com,D0cQt4uC+m,Cyber Security,ADMIN
Cici Widodo,ilestari@gmail.com,(3J2AqsIiW,ITNSA,ADMIN
Dr. Karna Palastri,yonoirawan@gmail.com,!1aLLhUz_m,Web Development,USER
Farah Mangunsong,dalionosimbolon@gmail.com,EhL^!zif$5,Web Development,ADMIN
Michelle Maulana,balidingunarto@gmail.com,JK7*UZsm8),ITNSA,ADMIN
"Ir. Sabar Usada, S.IP",wahyudinismail@gmail.com,X+2Ag#$ja@,Cyber Security,USER
Hartaka Firgantoro,salahudinerik@gmail.com,(3lHJbFlzN,Cyber Security,ADMIN
"Widya Dabukke, S.Kom",nmansur@gmail.com,2!7TJPj1&1,ITNSA,USER
Yosef Narpati,latuponoirnanto@gmail.com,bbX#P)fB)3,Web Development,ADMIN
Jatmiko Latupono,lmegantara@gmail.com,$(Ma6ySx_y,Cyber Security,USER
"Drs. Dewi Mahendra, M.Kom.",sihombingbancar@gmail.com,c3Qc21*w!V,Cyber Security,USER
Dipa Wijayanti,pangestumulyono@gmail.com,jg^6Ru$z3_,Cyber Security,ADMIN
Estiawan Ardianto,ichaharyanti@gmail.com,@sWiDYY9b8,ITNSA,USER
Xanana Marbun,belindamangunsong@gmail.com,*kMkwQXl5),Web Development,USER
Tgk. Bambang Marpaung,paimanfirgantoro@gmail.com,!6sbMMmlvQ,ITNSA,ADMIN
Taufik Laksmiwati,susantirini@gmail.com,7!6AEBJX!b,ITNSA,ADMIN
KH. Jagaraga Puspita,jwinarno@gmail.com,_D2MBpEF#S,Cyber Security,ADMIN
Nova Rajata,kmaryati@gmail.com,##3zYMUmgX,Web Development,ADMIN
Kayla Nurdiyanti,tanialaksmiwati@gmail.com,p(Lk5YUs$!,ITNSA,USER
Kacung Rahimah,chelsea83@gmail.com,_n+eGyIL7M,Web Development,ADMIN
Betania Anggraini,ajimatrajata@gmail.com,O*6Bl!sf)F,Web Development,USER
Shania Usamah,amangunsong@gmail.com,JYl#4R5kFN,Cyber Security,ADMIN
Naradi Uwais,citratamba@gmail.com,)7ESNfLUzo,ITNSA,USER
"Drs. Winda Prasetyo, S.Sos",ppadmasari@gmail.com,i(6O24ViS$,Web Development,USER
Daliman Palastri,nurainileo@gmail.com,$1DhCeHz5Y,ITNSA,USER
Wulan Nashiruddin,mustika48@gmail.com,C0JPdK5*^3,ITNSA,ADMIN
"Cut Zamira Utama, S.E.",praba39@gmail.com,YkQ5BdrnY%,ITNSA,USER
"R.M. Jarwi Andriani, S.Gz",nuraininyoman@gmail.com,#qFKra&mn7,Web Development,USER
Jaeman Rajata,bnovitasari@gmail.com,M)b7UHqv&%,Cyber Security,ADMIN
"Balamantri Saptono, S.T.",mardhiyahpangeran@gmail.com,q!4Ybt1aT$,Web Development,ADMIN
Gilda Aryani,yance76@gmail.com,x3kQ*(Qf*z,ITNSA,ADMIN
Opan Melani,gandasimanjuntak@gmail.com,!obyQvSf%9,Web Development,USER
Diana Widiastuti,oktavianipurwanto@gmail.com,@0U#cY%jXc,Web Development,USER
Bakianto Hartati,olgawinarno@gmail.com,9aV(RPDt$S,Web Development,ADMIN
Halima Pratama,gprasasta@gmail.com,9XJ8Yu&B%Z,Cyber Security,ADMIN
"Betania Hutagalung, S.Sos",jhassanah@gmail.com,d0@ED8FJ^_,Cyber Security,ADMIN
Puti Rahayu Kurniawan,siskarajata@gmail.com,)7zKRAG*hp,Cyber Security,ADMIN
Mila Pradipta,gwaluyo@gmail.com,7E4T^Y2h)6,Cyber Security,ADMIN
Padma Nasyiah,qyulianti@gmail.com,@5)QZwXq^U,ITNSA,USER
Sakura Iswahyudi,paimansaefullah@gmail.com,^6rWBgwx!3,ITNSA,USER
"Drs. Jinawi Laksita, S.Sos",nilam07@gmail.com,!f9bHhDKZt,Web Development,ADMIN
Lidya Maryadi,usman09@gmail.com,q3FIop*Y#!,ITNSA,USER
Karimah Wibisono,wahyunibetania@gmail.com,!+3JUMks5&,Web Development,ADMIN
Salsabila Nashiruddin,suartinimaras@gmail.com,(bTH*iH^h6,ITNSA,USER
Najwa Latupono,jindramulyani@gmail.com,n+KraM8q_6,Web Development,ADMIN
"Dr. Malik Lestari, S.Psi",hasimprakasa@gmail.com,(6PxD&GbuR,Web Development,USER
Gangsa Melani,elma14@gmail.com,00M^XUEb&h,Web Development,USER
Tgk. Kasiran Sitorus,titinmulyani@gmail.com,%EXnJHRxz6,Cyber Security,USER
Wardaya Wibisono,edifirgantoro@gmail.com,oe17Ge83!#,ITNSA,ADMIN
Wirda Putra,inainggolan@gmail.com,)2NdKJX*tX,ITNSA,USER
"Sutan Gamblang Simbolon, S.IP",utamaedward@gmail.com,Ip3bAjsV_b,Web Development,ADMIN
Drs. Yulia Padmasari,winarnopuji@gmail.com,M2PiMJiD#g,Web Development,ADMIN
"dr. Putri Situmorang, S.Pd",marpaungajiono@gmail.com,z+Nz_3XdyG,Cyber Security,ADMIN
Enteng Prabowo,lasmanto41@gmail.com,ln5S#HMd!9,ITNSA,USER
Lintang Uyainah,icha58@gmail.com,PhIF2*L74_,Web Development,ADMIN
Sarah Wibowo,dprayoga@gmail.com,)nKug#Di%1,ITNSA,USER
Raina Waluyo,veroprasetyo@gmail.com,Q!8rxH0g#B,Web Development,ADMIN
Yessi Hasanah,setya46@gmail.com,ZW$rO6DmEt,Web Development,USER
"R. Yunita Firgantoro, S.E.",qandriani@gmail.com,H9ZQsRmw#K,Web Development,ADMIN
"Mumpuni Mardhiyah, M.Kom.",hidayantojaiman@gmail.com,9F!5QWSfn_,ITNSA,USER
Puti Hilda Natsir,harimurtiharyanto@gmail.com,HW0OCvLm_u,ITNSA,USER
Dr. Asmadi Pradipta,enapitupulu@gmail.com,G_*78D*yOx,ITNSA,USER
Elma Riyanti,darmanlestari@gmail.com,@!3Cs*2a&o,Web Development,ADMIN
Kairav Wibisono,satya50@gmail.com,7b8YChesX!,Cyber Security,USER
Kuncara Kuswandari,pranatausada@gmail.com,0%)8Wpm&TN,Web Development,ADMIN
Hamima Sinaga,nurdiyantieva@gmail.com,Ba86!iSd_1,Cyber Security,USER
"drg. Titi Fujiati, S.Gz",yuliartibelinda@gmail.com,d1mBS$kx_3,ITNSA,USER
"Atmaja Suryatmi, S.E.",nurdiyantiwaluyo@gmail.com,%5Ch$e9)P!,Cyber Security,USER
Dalimin Haryanto,rajasagalang@gmail.com,&FUUG6(Uk9,ITNSA,ADMIN
Kamila Safitri,erik78@gmail.com,z^52Jmfn4i,Cyber Security,USER
R.M. Jaiman Farida,xzulaika@gmail.com,MwC5$rAN#4,ITNSA,USER
Drs. Mariadi Dongoran,cpertiwi@gmail.com,#3GVEp7*%D,Web Development,USER
H. Lamar Rajata,sriyanti@gmail.com,l6aKq!cD^*,Cyber Security,USER
Gamanto Laksmiwati,tasnimsitumorang@gmail.com,R+m1wZrjIL,Web Development,ADMIN
Lala Laksita,suartinimala@gmail.com,UDkJFirh#1,ITNSA,ADMIN
Yunita Saefullah,firmansyahpaulin@gmail.com,OT$6ZxtQmj,ITNSA,ADMIN
Nalar Hutagalung,jmustofa@gmail.com,e*6v@*YmvU,Cyber Security,USER
"Dr. Yessi Ardianto, M.Ak",prastutiade@gmail.com,%S6SQa##&X,Cyber Security,ADMIN
Paris Pranowo,pratiwikasusra@gmail.com,u9^VnC$t#P,ITNSA,ADMIN
"Hardi Yulianti, S.Pt",qsuwarno@gmail.com,(OF4(MGxf3,Cyber Security,ADMIN
drg. Agnes Pratama,winarsihozy@gmail.com,8u0+HfJO^*,ITNSA,USER
Restu Kuswandari,dodoprasasta@gmail.com,R@*@8Jo^97,ITNSA,ADMIN
"R. Maimunah Siregar, M.M.",nmansur@gmail.com,^(86SC3N*b,Web Development,USER
Wawan Budiman,garanhandayani@gmail.com,Kq*58DBly^,Web Development,USER
Rahayu Tampubolon,suartiniirfan@gmail.com,f9FkK9G3+1,Web Development,USER
Puti Hasna Pranowo,budiyantoestiono@gmail.com,8UAbokUc&5,Cyber Security,USER
"drg. Dariati Suartini, M.M.",maheswaraendra@gmail.com,I2J1rKrd^x,Web Development,USER
Tania Prastuti,luluhkuswoyo@gmail.com,%_lJzU#t99,Cyber Security,ADMIN
"Puti Ratna Rajasa, M.TI.",nkurniawan@gmail.com,V*8%$7AczT,Web Development,USER
"Cut Nabila Sihombing, M.Ak",ysaefullah@gmail.com,P5Kj2hZw_l,Web Development,USER
"Bakda Novitasari, S.T.",kusuma14@gmail.com,uYG6qNby8$,ITNSA,ADMIN
Lulut Situmorang,gadamangunsong@gmail.com,(75OtkQbZ&,Web Development,ADMIN
"Drs. Keisha Wibowo, M.Farm",liman08@gmail.com,(Ep7Q^Uf@b,Cyber Security,USER
"Mala Januar, S.E.",hamimapurnawati@gmail.com,h6l0Tcfd^9,Web Development,ADMIN
"Dalima Ramadan, S.Kom",prayogo54@gmail.com,s7rGKSt_)n,Cyber Security,ADMIN
"Agnes Santoso, S.Psi",puputnovitasari@gmail.com,(_(m@2Km1h,ITNSA,USER
Jasmin Hakim,wahyudineka@gmail.com,8o$Qu1Osn),Web Development,USER
Titin Habibi,mustofazelda@gmail.com,kj5qX2FkN^,Web Development,ADMIN
Caturangga Najmudin,kawaya60@gmail.com,#3Nna0miK1,Cyber Security,ADMIN
"Tgk. Ghaliyati Halim, S.H.",siregarsakti@gmail.com,JcYp7KHR_9,Cyber Security,USER
"R.M. Garan Hariyah, M.Kom.",pangestucayadi@gmail.com,(4n0YUQmbE,Web Development,ADMIN
Puti Lili Wahyudin,najammahendra@gmail.com,!_3G0bHJJd,Cyber Security,USER
Cahyadi Simbolon,prasetyafirgantoro@gmail.com,(G!2Cekbx*,Web Development,ADMIN
Jamalia Sirait,qmulyani@gmail.com,6lt3OliU@T,Web Development,USER
"Tgk. Ajiono Sitorus, S.IP",edisonzulaika@gmail.com,^@k7bQiBar,ITNSA,ADMIN
Hj. Talia Saputra,lmelani@gmail.com,*Lf8X+ObMN,Cyber Security,USER
"R. Gilang Simbolon, M.Kom.",wijayamustofa@gmail.com,)Bq(txJdU8,Cyber Security,USER
Zizi Usamah,kandasalahudin@gmail.com,!I0#Mnf8UQ,Web Development,ADMIN
Raditya Rajata,dalimathamrin@gmail.com,@p3GN+(tX0,Web Development,USER
Dr. Carla Hidayat,megantaratina@gmail.com,E5A(&Ke$*p,Cyber Security,USER
Vega Simanjuntak,prasetyagaran@gmail.com,H6#d0VXmBM,Cyber Security,ADMIN
"Karna Megantara, S.Ked",lailasaricawisadi@gmail.com,^252R)aT!6,ITNSA,ADMIN
Nrima Mangunsong,bhastuti@gmail.com,&N0ONHwxrV,ITNSA,USER
Oliva Pudjiastuti,nmanullang@gmail.com,f#5rDe64*J,Web Development,ADMIN
"Caket Jailani, S.E.",firmansyahkalim@gmail.com,PC3PG!tn+l,Web Development,USER
Amalia Wahyuni,nrahayu@gmail.com,%E1FLu#1X#,ITNSA,ADMIN
Harsaya Prayoga,oktavianiyono@gmail.com,BYNPLpiW)1,ITNSA,ADMIN
Teddy Lailasari,hasanhutagalung@gmail.com,(r72RI#wO+,Cyber Security,ADMIN
Nasrullah Agustina,latuponoibrani@gmail.com,jf6ChlK(r%,Cyber Security,ADMIN
"Jaiman Dabukke, M.M.",nadiakusumo@gmail.com,z0h7Z*Cx++,Web Development,USER
"Dr. Fitria Uyainah, S.Ked",setiawanlimar@gmail.com,h*69RJiBsH,ITNSA,ADMIN
Joko Hasanah,cawisadimaheswara@gmail.com,0r%9%J&h%Z,Cyber Security,ADMIN
Julia Usamah,agustinaraden@gmail.com,L1jAn&$z!3,ITNSA,USER
"Unggul Simbolon, S.T.",mfirmansyah@gmail.com,&9dBZz1fkC,ITNSA,ADMIN
Lamar Sitorus,pjanuar@gmail.com,*511Nmjb^X,Cyber Security,ADMIN
Puti Putri Hutasoit,zuyainah@gmail.com,5vO)Slg4(@,Cyber Security,USER
Hamima Natsir,rdongoran@gmail.com,4&g4vKVsY8,Cyber Security,USER
"Winda Siregar, S.Farm",adinata11@gmail.com,x!4bVfmi_4,Web Development,USER
Umaya Yolanda,uwacana@gmail.com,G6Nw8UNz$^,ITNSA,ADMIN
Lanjar Waluyo,lananghutapea@gmail.com,QV$IX9Xgmv,ITNSA,USER
Indah Usamah,prakosaprastuti@gmail.com,+8YzAt&isi,Web Development,ADMIN
"Dr. Xanana Laksmiwati, M.Ak",ghaliyati10@gmail.com,pF&7K3k!gh,ITNSA,USER
"dr. Harsaya Wastuti, S.IP",putraharja@gmail.com,emc7Zhbo)(,Cyber Security,USER
"Sutan Gatot Jailani, S.IP",icha89@gmail.com,Oj58TL_d)V,Web Development,USER
Ira Waluyo,rosmanagustina@gmail.com,4B6Fb9mwa^,Web Development,ADMIN
R.A. Dewi Damanik,ridwan06@gmail.com,d7@iyBEs$9,ITNSA,ADMIN
Almira Wahyuni,nyanaagustina@gmail.com,)4*su$KlKj,ITNSA,USER
Nilam Hutagalung,sidiqnatsir@gmail.com,Xi6oT+Zxz#,ITNSA,USER
Kemba Agustina,jamalsalahudin@gmail.com,m11IW1S6^u,Web Development,USER
"Raden Kusmawati, S.Pd",tedi83@gmail.com,!PPmm@1wd5,ITNSA,ADMIN
Lidya Winarsih,mahmud87@gmail.com,#tZotA200_,Cyber Security,ADMIN
"Taswir Mandasari, S.E.I",jasmani94@gmail.com,V+O$4Q#d%(,Cyber Security,ADMIN
Carla Kusumo,ihsan84@gmail.com,4JCl$4vT@b,Cyber Security,ADMIN
Rika Wibisono,utamaopung@gmail.com,CgV5Llu4*y,Cyber Security,ADMIN
Ir. Padma Sihombing,marpaunggantar@gmail.com,@3DCIhLt+0,Web Development,ADMIN
Cecep Dabukke,jaiswulandari@gmail.com,$Q1(N(Mav$,Web Development,USER
Zaenab Rajasa,padmasaridartono@gmail.com,&S)*7vRjzN,Cyber Security,ADMIN
Tgk. Kunthara Lestari,paimanlailasari@gmail.com,@mD6KbmL18,Web Development,ADMIN
Gara Maryati,karditarihoran@gmail.com,&SrUYS2e35,Cyber Security,ADMIN
Latika Hutagalung,hgunawan@gmail.com,4oSJcveb)1,Cyber Security,ADMIN
R. Rizki Permata,kusumodarmana@gmail.com,%OC#3Hxh_i,Cyber Security,USER
"Lamar Dongoran, S.T.",ehalim@gmail.com,c+y7R&*wQa,Cyber Security,ADMIN
Daruna Wahyuni,vyolanda@gmail.com,#2^V#GQ*Pu,Cyber Security,USER
Suci Hidayanto,prayogo46@gmail.com,&OMaqx0nc8,ITNSA,ADMIN
Salwa Dongoran,galak95@gmail.com,MXb_YUg@(3,ITNSA,ADMIN
Dalimin Nasyiah,psihotang@gmail.com,QbySabzX^0,Web Development,USER
"Wira Maulana, S.Pd",windawinarsih@gmail.com,%3P1ZgbLGg,Cyber Security,ADMIN
"Panji Andriani, S.Ked",nfirmansyah@gmail.com,S3qGOUv$_u,Cyber Security,ADMIN
Mila Hastuti,labuh02@gmail.com,SUs+5RPmy_,Cyber Security,USER
Jessica Wahyuni,pangestufarah@gmail.com,tc4VehIp^o,Cyber Security,USER
"Zaenab Andriani, S.Sos",caturyolanda@gmail.com,yVuy*2Cj&V,Cyber Security,USER
Cornelia Adriansyah,padmi46@gmail.com,$Qj0qSjQEU,ITNSA,ADMIN
Kiandra Yuniar,xyuniar@gmail.com,^I2%Qj2eBJ,Web Development,USER
"Rini Pratiwi, S.Ked",ellisandriani@gmail.com,k@0ECeod#n,Web Development,ADMIN
Hafshah Usada,gunartorangga@gmail.com,i3_KTg^i#W,Cyber Security,USER
"Perkasa Mardhiyah, S.Psi",gwijaya@gmail.com,$O52MbR^(l,Cyber Security,ADMIN
Wage Palastri,kasusrasudiati@gmail.com,!6)1STNfg@,ITNSA,USER
Puti Suryono,usamosir@gmail.com,l(_R8DwtE),Cyber Security,ADMIN
"Kezia Iswahyudi, M.Kom.",ywasita@gmail.com,^6a!kYDDr+,Cyber Security,ADMIN
Darmaji Hakim,xsitumorang@gmail.com,%3PxwNDP@U,Cyber Security,USER
Cahyo Puspasari,cawisadi77@gmail.com,c2HU%hXJ*_,ITNSA,ADMIN
"dr. Fathonah Prastuti, M.Pd",lamar20@gmail.com,zBVx(4Dl@1,Web Development,ADMIN
"R. Kariman Susanti, S.T.",olestari@gmail.com,q!SX74AswF,Cyber Security,USER
Rosman Maryati,puspitahani@gmail.com,%OHBnqb6&9,ITNSA,ADMIN
Heru Siregar,rahayupuspita@gmail.com,V7rTyqTc(1,Cyber Security,ADMIN
Julia Mayasari,cakrabirawa71@gmail.com,+9BwIsgspN,Cyber Security,ADMIN
Vivi Prasetyo,sidiq07@gmail.com,_3Ja(PLDXo,Cyber Security,USER
Queen Mahendra,mahditarihoran@gmail.com,&&QMabjuX6,ITNSA,ADMIN
Kairav Pratiwi,kamaria63@gmail.com,@2OMxirg_0,Web Development,USER
Yuliana Kuswandari,ttampubolon@gmail.com,@2jg7OjDhP,Web Development,USER
Raditya Safitri,martakamegantara@gmail.com,LO*_5@OaX7,Cyber Security,ADMIN
Gina Suartini,kemal00@gmail.com,^J36Vne+Ei,Web Development,ADMIN
Hj. Winda Sihombing,wnasyidah@gmail.com,!_3COZ^s!n,Cyber Security,USER
Carla Rahmawati,lalita14@gmail.com,)O!6S@ttPf,ITNSA,ADMIN
Qori Wacana,fpurwanti@gmail.com,%syTlFbMN9,Web Development,ADMIN
Ajimat Budiman,qwasita@gmail.com,%U06F3xeZ!,Cyber Security,ADMIN
Putri Widodo,orahimah@gmail.com,&a46Z5j^v2,ITNSA,USER
Tgk. Kayla Marbun,halimahirma@gmail.com,_y!9#9XaE1,ITNSA,ADMIN
Emin Mansur,wirdafujiati@gmail.com,)0UFS!cFZI,Cyber Security,USER
Saadat Sihombing,sthamrin@gmail.com,$qnIYmud22,Web Development,ADMIN
R. Elon Yuniar,taufikhalim@gmail.com,$Y+5i0In2*,Cyber Security,USER
R. Purwa Sihombing,osaputra@gmail.com,@bnyZz5dq9,ITNSA,ADMIN
Gilda Pradipta,embuh54@gmail.com,73$tBZ7N$v,Web Development,USER
"dr. Aslijan Yulianti, M.Kom.",verouyainah@gmail.com,*7Bfdipj$o,Cyber Security,USER
"Hj. Gawati Siregar, S.E.",uwaisvega@gmail.com,_k3X6SvkmN,ITNSA,USER
Vega Wahyuni,hpermadi@gmail.com,b#!!V2TnQr,Web Development,ADMIN
"drg. Kenzie Dongoran, S.I.Kom",lestariliman@gmail.com,q(tF92Ndg!,Web Development,USER
Yessi Wastuti,halimprabowo@gmail.com,+79t*K6oF2,Web Development,ADMIN
Irfan Sirait,anggriawanami@gmail.com,8+J4KafK4O,Cyber Security,ADMIN
Oni Palastri,nurainiophelia@gmail.com,%9@$R(wtA7,Cyber Security,ADMIN
Mala Lailasari,vlaksmiwati@gmail.com,ArIzDy8h$8,Cyber Security,ADMIN
Dr. Almira Wasita,zlailasari@gmail.com,%A6TZERj7#,Cyber Security,USER
Saiful Natsir,kurniawanmursita@gmail.com,y@8%QY%(mv,ITNSA,USER
"Mahmud Zulkarnain, S.I.Kom",eman86@gmail.com,$aV84DA0##,ITNSA,USER
"Hj. Calista Napitupulu, S.Sos",galurjailani@gmail.com,U88KGhHB&&,Cyber Security,USER
Kamaria Suryono,emongnajmudin@gmail.com,_2Cu%22had,Cyber Security,USER
Luwar Agustina,tnuraini@gmail.com,#pE5wnCFn7,ITNSA,ADMIN
"Ir. Hasta Suryatmi, S.E.",vinofarida@gmail.com,)pU%aJ&T3F,Cyber Security,USER
Panji Waskita,malarahimah@gmail.com,_r2AEeqYWn,ITNSA,ADMIN
"R. Oni Riyanti, S.Kom",gnovitasari@gmail.com,8X1BK(Cqv+,Cyber Security,USER
Malik Nurdiyanti,jkuswoyo@gmail.com,1CNk7K@l)v,ITNSA,USER
Kiandra Dongoran,kjailani@gmail.com,zE1ruRgv^6,ITNSA,USER
Fitria Aryani,setya46@gmail.com,@n9JgH2pHV,ITNSA,USER
Eka Santoso,kasiransirait@gmail.com,UAP#2CXuDH,Cyber Security,USER
"T. Yusuf Siregar, S.H.",prabawasimanjuntak@gmail.com,1_%eHe9c_U,ITNSA,USER
"Tgk. Sadina Haryanti, M.Kom.",hsihotang@gmail.com,ZcvRBHMN*5,Web Development,ADMIN
"Ina Safitri, S.I.Kom",anggrainiwarsita@gmail.com,EDw5bSUx(M,Cyber Security,USER
Kajen Prasetya,budiyantonarji@gmail.com,%7s4UJfd3J,Web Development,ADMIN
Queen Anggraini,slamet10@gmail.com,oEU3PQyyn$,Web Development,ADMIN
"Puti Puspa Sihombing, S.Farm",qhalim@gmail.com,@&^U9olrC5,Cyber Security,USER
Vera Natsir,narjioktaviani@gmail.com,wG$+6IRn*V,Web Development,USER
Aurora Maryati,marpaungami@gmail.com,MSL_50Va!x,Cyber Security,ADMIN
H. Mustofa Saputra,zelaya39@gmail.com,!*9PKnGPz!,Cyber Security,ADMIN
Ir. Gantar Haryanti,langgeng20@gmail.com,%2N4VDw!82,Web Development,ADMIN
Kamaria Zulaika,sjanuar@gmail.com,30)gBF9h_l,Web Development,ADMIN
Taufik Lailasari,sinagajagaraga@gmail.com,0597VtR8(w,ITNSA,USER
Oman Oktaviani,unjani97@gmail.com,oy1&U8Ofo!,Web Development,ADMIN
Hj. Siti Hastuti,suartiniartawan@gmail.com,z3m^qGg5%k,Web Development,USER
"Tgk. Ani Aryani, S.Ked",chandrasantoso@gmail.com,a*O9y+ArHo,ITNSA,USER
"Dr. Artanto Yuliarti, S.Ked",restu51@gmail.com,$cSOkasc*8,Cyber Security,ADMIN
"Silvia Mandala, S.H.",usamahcici@gmail.com,+gA4!&Fe^6,Cyber Security,USER
"Nurul Melani, S.E.I",pranowooni@gmail.com,!J!2uGoAY$,ITNSA,USER
"Ir. Endah Nugroho, S.T.",estiono54@gmail.com,_MLymbGSI9,Web Development,USER
Puti Pranowo,ifa81@gmail.com,)N(X2pHnl1,Cyber Security,ADMIN
T. Gaman Ramadan,bagiyanapitupulu@gmail.com,)48RxL(ym4,Cyber Security,USER
"Salimah Novitasari, S.H.",aanggriawan@gmail.com,0+1EbUnx@y,ITNSA,USER
